省份名,城市名,医院名,医生url
北京,朝阳,中日医院,https://www.haodf.com/doctor/DE4r0eJWGqZNZNSkwlZUkj5SMh1oor0a.htm
北京,朝阳,中日医院,https://www.haodf.com/doctor/DE4rO-XCoLUmy7sugURjIHBzPQ.htm
北京,朝阳,中日医院,https://www.haodf.com/doctor/DE4r08xQdKSLBvQPh3oBq7c5PLvm.htm
北京,朝阳,中日医院,https://www.haodf.com/doctor/DE4rO-XCoLUmj15tPQrVFGoqUr.htm
北京,朝阳,中日医院,https://www.haodf.com/doctor/DE4r0Fy0C9LuwYGoWSNL4PNTs3BGmMGOc.htm
北京,朝阳,中日医院,https://www.haodf.com/doctor/DE4r0BCkuHzduKIzTyDWKEMSMwtPM.htm
北京,朝阳,中日医院,https://www.haodf.com/doctor/DE4rO-XCoLUmjUapWkcw-2p57V.htm
北京,朝阳,中日医院,https://www.haodf.com/doctor/DE4r0BCkuHzduSNTazwOXKq2IWmiF.htm
北京,朝阳,中日医院,https://www.haodf.com/doctor/DE4r0Fy0C9LuG0HU3qOUzgbn52sdVLS0n.htm
北京,朝阳,中日医院,https://www.haodf.com/doctor/DE4r0Fy0C9LuZNKmRvKePCBf3o2p0zvkj.htm
北京,朝阳,中日医院,https://www.haodf.com/doctor/DE4r0BCkuHzduxnzSQZaNDNGERReY.htm
北京,朝阳,中日医院,https://www.haodf.com/doctor/DE4r0Fy0C9Lug0JpONS2RTqa9sDMfNCrT.htm
北京,朝阳,中日医院,https://www.haodf.com/doctor/DE4r0Fy0C9LuSQPgYi388T1OdBHBTXzVa.htm
北京,朝阳,中日医院,https://www.haodf.com/doctor/DE4r0Fy0C9Lug0JppNx611FhFZqqOoERk.htm
北京,朝阳,中日医院,https://www.haodf.com/doctor/DE4rO-XCoLUXxbXYw1mnSzFYx4.htm
北京,朝阳,中日医院,https://www.haodf.com/doctor/DE4r0Fy0C9LuSQuZEy6ClyviZLC3b3s8R.htm
北京,朝阳,中日医院,https://www.haodf.com/doctor/DE4rO-XCoLUmy11ccTieBvzKOb.htm
北京,朝阳,中日医院,https://www.haodf.com/doctor/DE4r0BCkuHzdeCqEQ6JtvC5s9enjZ.htm
北京,朝阳,中日医院,https://www.haodf.com/doctor/DE4r0BCkuHzdexUmk6C799F-37hmI.htm
北京,朝阳,中日医院,https://www.haodf.com/doctor/DE4r0eJWGqZNZNSkwlZUkj5SMh1oor0a.htm
北京,朝阳,中日医院,https://www.haodf.com/doctor/DE4r0Fy0C9LuwYGoWSNL4PNTs3BGmMGOc.htm
北京,朝阳,中日医院,https://www.haodf.com/doctor/DE4r0BCkuHzduKIzTyDWKEMSMwtPM.htm
北京,朝阳,中日医院,https://www.haodf.com/doctor/DE4rO-XCoLUmj15tPQrVFGoqUr.htm
北京,朝阳,中日医院,https://www.haodf.com/doctor/DE4r0Fy0C9LuG0HU3qOUzgbn52sdVLS0n.htm
北京,朝阳,中日医院,https://www.haodf.com/doctor/DE4r0BCkuHzduSNTazwOXKq2IWmiF.htm
北京,朝阳,中日医院,https://www.haodf.com/doctor/DE4rO-XCoLUmjqUrbc1P6dS2aO.htm
北京,朝阳,中日医院,https://www.haodf.com/doctor/DE4r0BCkuHzdeGmyPgOaNDNGERReY.htm
北京,朝阳,中日医院,https://www.haodf.com/doctor/DE4r08xQdKSLBvQPh3oBq7c5PLvm.htm
北京,朝阳,中日医院,https://www.haodf.com/doctor/DE4r0eJWGqZNwkVC32O10E-DzfWSIbkQ.htm
北京,朝阳,中日医院,https://www.haodf.com/doctor/DE4r0BCkuHzdeKnjvi8hoLSNZn1O5.htm
北京,朝阳,中日医院,https://www.haodf.com/doctor/DE4r0Fy0C9Luw0y1b20ETXXxD-uCU22Ut.htm
北京,朝阳,中日医院,https://www.haodf.com/doctor/DE4rO-XCoLUmHrcew1mnSzFYx4.htm
北京,朝阳,中日医院,https://www.haodf.com/doctor/DE4r0Fy0C9LuwlhEMuJudi8V2YMZWydg7.htm
北京,朝阳,中日医院,https://www.haodf.com/doctor/DE4r0eJWGqZNKNhYL9eMPRuYK1csFmfb.htm
北京,朝阳,中日医院,https://www.haodf.com/doctor/DE4r0BCkuHzdeCqmjticdu-554j7S.htm
北京,朝阳,中日医院,https://www.haodf.com/doctor/DE4rO-XCoLUmH51deRtJXK298J.htm
北京,朝阳,中日医院,https://www.haodf.com/doctor/DE4rO-XCoLUmHr9Fh7UcoLDoWk.htm
北京,朝阳,中日医院,https://www.haodf.com/doctor/DE4r0Fy0C9LuwmxamJ9GC9Kn52sdVLS0n.htm
北京,朝阳,中日医院,https://www.haodf.com/doctor/DE4r0Fy0C9LuwlwmJr5gg2s7CIoXi9Fjh.htm
北京,朝阳,中日医院,https://www.haodf.com/doctor/DE4r08xQdKSLBSLDLhY2Krrpb6FW.htm
北京,朝阳,中日医院,https://www.haodf.com/doctor/DE4r0Fy0C9Lugkfy8vQfgn2mqEELeHuif.htm
北京,朝阳,中日医院,https://www.haodf.com/doctor/DE4rO-XCoLUmy7sugURjIHBzPQ.htm
北京,朝阳,中日医院,https://www.haodf.com/doctor/DE4r0Fy0C9Luhnz9uGEphqewBFNKaEMw4.htm
北京,朝阳,中日医院,https://www.haodf.com/doctor/DE4r0Fy0C9LuZNKmRvKePCBf3o2p0zvkj.htm
北京,朝阳,中日医院,https://www.haodf.com/doctor/DE4r0Fy0C9LuhNwnWglHpO7rGNzFx56fU.htm
北京,朝阳,中日医院,https://www.haodf.com/doctor/DE4rO-XCoLUmjUUqaOQhHsdycT.htm
北京,朝阳,中日医院,https://www.haodf.com/doctor/DE4rO-XCoLUmy79Fh7UcoLDoWk.htm
北京,朝阳,中日医院,https://www.haodf.com/doctor/DE4r0BCkuHzdeCqmjticdu-554j7S.htm
北京,朝阳,中日医院,https://www.haodf.com/doctor/DE4r0BCkuHzdeCqmj9K1qIYC2U8VE.htm
北京,朝阳,中日医院,https://www.haodf.com/doctor/DE4rO-XCoLUmHr9Fh7UcoLDoWk.htm
北京,朝阳,中日医院,https://www.haodf.com/doctor/DE4r0Fy0C9LuwlhEMuJudi8V2YMZWydg7.htm
北京,朝阳,中日医院,https://www.haodf.com/doctor/DE4r0BCkuHzdeKnjvi8hoLSNZn1O5.htm
北京,朝阳,中日医院,https://www.haodf.com/doctor/DE4r0eJWGqZNKNhYL9eMPRuYK1csFmfb.htm
北京,朝阳,中日医院,https://www.haodf.com/doctor/DE4rO-XCoLUmHrcew1mnSzFYx4.htm
北京,朝阳,中日医院,https://www.haodf.com/doctor/DE4r0Fy0C9LuwmQ596emBjSkLd-scFHPW.htm
北京,朝阳,中日医院,https://www.haodf.com/doctor/DE4r0Fy0C9LuwmxamJ9GC9Kn52sdVLS0n.htm
北京,朝阳,中日医院,https://www.haodf.com/doctor/DE4rO-XCoLUmH51deRtJXK298J.htm
北京,朝阳,中日医院,https://www.haodf.com/doctor/DE4r0Fy0C9LuwlwmJr5gg2s7CIoXi9Fjh.htm
北京,朝阳,中日医院,https://www.haodf.com/doctor/DE4r0Fy0C9Luw0y1b20ETXXxD-uCU22Ut.htm
北京,朝阳,中日医院,https://www.haodf.com/doctor/DE4rO-XCoLUmj1U51t4xLBGs4w.htm
北京,朝阳,中日医院,https://www.haodf.com/doctor/DE4r0Fy0C9LuSLf-96DWfWLPECdSRGpar.htm
北京,朝阳,中日医院,https://www.haodf.com/doctor/DE4r0BCkuHzdeKnjvi8hoLSNZn1O5.htm
北京,朝阳,中日医院,https://www.haodf.com/doctor/DE4r0Fy0C9LuwlhEMuJudi8V2YMZWydg7.htm
北京,朝阳,中日医院,https://www.haodf.com/doctor/DE4rO-XCoLUmHr9Fh7UcoLDoWk.htm
北京,朝阳,中日医院,https://www.haodf.com/doctor/DE4r0Fy0C9LuwmQ596emBjSkLd-scFHPW.htm
北京,朝阳,中日医院,https://www.haodf.com/doctor/DE4rO-XCoLUmHrcew1mnSzFYx4.htm
北京,朝阳,中日医院,https://www.haodf.com/doctor/DE4r0eJWGqZNKNhYL9eMPRuYK1csFmfb.htm
北京,朝阳,中日医院,https://www.haodf.com/doctor/DE4r0Fy0C9Luw0y1b20ETXXxD-uCU22Ut.htm
北京,朝阳,中日医院,https://www.haodf.com/doctor/DE4r0Fy0C9LuwmxamJ9GC9Kn52sdVLS0n.htm
北京,朝阳,中日医院,https://www.haodf.com/doctor/DE4r0Fy0C9LuwlwmJr5gg2s7CIoXi9Fjh.htm
北京,朝阳,中日医院,https://www.haodf.com/doctor/DE4r0Fy0C9LuGRZW-p0WS0Wg66K2nYytQ.htm
北京,朝阳,中日医院,https://www.haodf.com/doctor/DE4r0BCkuHzdeKnjvi8hoLSNZn1O5.htm
北京,朝阳,中日医院,https://www.haodf.com/doctor/DE4rO-XCoLUmHr9Fh7UcoLDoWk.htm
北京,朝阳,中日医院,https://www.haodf.com/doctor/DE4r0Fy0C9LuwlhEMuJudi8V2YMZWydg7.htm
北京,朝阳,中日医院,https://www.haodf.com/doctor/DE4r0Fy0C9LuwmQ596emBjSkLd-scFHPW.htm
北京,朝阳,中日医院,https://www.haodf.com/doctor/DE4rO-XCoLUmHrcew1mnSzFYx4.htm
北京,朝阳,中日医院,https://www.haodf.com/doctor/DE4r0Fy0C9LuwmxamJ9GC9Kn52sdVLS0n.htm
北京,朝阳,中日医院,https://www.haodf.com/doctor/DE4r0eJWGqZNKNhYL9eMPRuYK1csFmfb.htm
北京,朝阳,中日医院,https://www.haodf.com/doctor/DE4rO-XCoLUmH51deRtJXK298J.htm
北京,朝阳,中日医院,https://www.haodf.com/doctor/DE4r0Fy0C9LuwlwmJr5gg2s7CIoXi9Fjh.htm
北京,朝阳,中日医院,https://www.haodf.com/doctor/DE4r0Fy0C9LuGRZW-p0WS0Wg66K2nYytQ.htm
北京,朝阳,中日医院,https://www.haodf.com/doctor/DE4r0BCkuHzduxnzSQZaNDNGERReY.htm
北京,朝阳,中日医院,https://www.haodf.com/doctor/DE4r0Fy0C9Lug0JpONS2RTqa9sDMfNCrT.htm
北京,朝阳,中日医院,https://www.haodf.com/doctor/DE4r0Fy0C9Lug0JppNx611FhFZqqOoERk.htm
北京,朝阳,中日医院,https://www.haodf.com/doctor/DE4r0Fy0C9LuSQPgYi388T1OdBHBTXzVa.htm
北京,朝阳,中日医院,https://www.haodf.com/doctor/DE4rO-XCoLUmHrcew1mnSzFYx4.htm
北京,朝阳,中日医院,https://www.haodf.com/doctor/DE4rO-XCoLUmHr9Fh7UcoLDoWk.htm
北京,朝阳,中日医院,https://www.haodf.com/doctor/DE4r0Fy0C9LuwlhEMuJudi8V2YMZWydg7.htm
北京,朝阳,中日医院,https://www.haodf.com/doctor/DE4r0eJWGqZNKNhYL9eMPRuYK1csFmfb.htm
